incident_id,code_from_logs,code_frozen,status
82,T3,T3,OK
84,T3,T3,OK
81,T3,T3,OK
83,T4,T4,OK
97,T3,T3,OK
92,T3,T3,OK
89,T3,T3,OK
105,T3,T3,OK
113,T3,T3,OK
102,T4,T4,OK
116,T3,T3,OK
129,T3,T3,OK
144,T3,T3,OK
160,T3,T3,OK
161,T3,T3,OK
168,T3,T3,OK
153,T3,T3,OK
145,T3,T3,OK
141,T3,T3,OK
125,T3,T3,OK
156,T3,T3,OK
143,T3,T3,OK
157,T3,T3,OK
139,T3,T3,OK
142,T3,T3,OK
149,T1,T1,OK
124,T4,T4,OK
159,T3,T3,OK
127,T4,T4,OK
163,T3,T3,OK
203,T3,T3,OK
213,T3,T3,OK
175,T3,T3,OK
178,T3,T3,OK
220,T3,T3,OK
221,T3,T3,OK
181,T3,T3,OK
209,T3,T3,OK
215,T3,T3,OK
208,T3,T3,OK
211,T3,T3,OK
187,T3,T3,OK
218,T3,T3,OK
197,T3,T3,OK
230,T3,T3,OK
228,T4,T4,OK
240,T4,T4,OK
271,T3,T3,OK
268,T3,T3,OK
255,T3,T3,OK
253,T3,T3,OK
256,T3,T3,OK
265,T3,T3,OK
278,T3,T3,OK
275,T3,T3,OK
285,T3,T3,OK
293,T3,T3,OK
347,T3,T3,OK
350,T4,T4,OK
291,T3,T3,OK
292,T4,T4,OK
318,T3,T3,OK
319,T3,T3,OK
305,T3,T3,OK
282,T3,T3,OK
313,T3,T3,OK
333,T3,T3,OK
304,T3,T3,OK
331,T3,T3,OK
337,T3,T3,OK
348,T3,T3,OK
311,T3,T3,OK
317,T3,T3,OK
303,T3,T3,OK
343,T3,T3,OK
281,T3,T3,OK
322,T3,T3,OK
364,T4,T4,OK
367,T3,T3,OK
393,T3,T3,OK
363,T3,T3,OK
400,T3,T3,OK
395,T3,T3,OK
354,T3,T3,OK
353,T3,T3,OK
362,T3,T3,OK
359,T3,T3,OK
372,T3,T3,OK
386,T3,T3,OK
389,T3,T3,OK
398,T3,T3,OK
399,T3,T3,OK
401,T3,T3,OK
360,T3,T3,OK
414,T3,T3,OK
415,T3,T3,OK
416,T3,T3,OK
417,T3,T3,OK
419,T3,T3,OK
427,T3,T3,OK
431,T4,T4,OK
434,T3,T3,OK
436,T3,T3,OK
446,T3,T3,OK
447,T3,T3,OK
459,T3,T3,OK
460,T3,T3,OK
463,T4,T4,OK
465,T3,T3,OK
467,T3,T3,OK
468,T3,T3,OK
470,T3,T3,OK
471,T3,T3,OK
473,T3,T3,OK
475,T3,T3,OK
477,T3,T3,OK
489,T3,T3,OK
501,T4,T4,OK
503,T3,T3,OK
504,T3,T3,OK
511,T3,T3,OK
522,T3,T3,OK
525,T3,T3,OK
528,T3,T3,OK
533,T3,T3,OK
534,T2,T2,OK
539,T3,T3,OK
540,T3,T3,OK
549,T4,T4,OK
550,T3,T3,OK
552,T3,T3,OK
553,T3,T3,OK
554,T3,T3,OK
560,T3,T3,OK
563,T3,T3,OK
570,T3,T3,OK
571,T3,T3,OK
574,T3,T3,OK
576,T3,T3,OK
578,T3,T3,OK
580,T3,T3,OK
581,T3,T3,OK
583,T3,T3,OK
587,T3,T3,OK
591,T3,T3,OK
595,T3,T3,OK
596,T1,T1,OK
608,T3,T3,OK
609,T3,T3,OK
612,T3,T3,OK
614,T3,T3,OK
620,T4,T4,OK
621,T3,T3,OK
622,T4,T4,OK
623,T3,T3,OK
637,T3,T3,OK
638,T3,T3,OK
640,T3,T3,OK
645,T3,T3,OK
646,T3,T3,OK
647,T3,T3,OK
654,T3,T3,OK
655,T3,T3,OK
674,T3,T3,OK
684,T3,T3,OK
686,T3,T3,OK
693,T3,T3,OK
696,T3,T3,OK
700,T3,T3,OK
707,T3,T3,OK
710,T3,T3,OK
711,T2,T2,OK
712,T3,T3,OK
714,T3,T3,OK
718,T3,T3,OK
723,T3,T3,OK
726,T1,T1,OK
731,T3,T3,OK
733,T2,T2,OK
734,T3,T3,OK
743,T3,T3,OK
744,T3,T3,OK
748,T3,T3,OK
750,T3,T3,OK
758,T3,T3,OK
770,T3,T3,OK
773,T3,T3,OK
778,T3,T3,OK
788,T3,T3,OK
789,T3,T3,OK
791,T3,T3,OK
794,T3,T3,OK
796,T3,T3,OK
803,T3,T3,OK
838,T3,T3,OK
845,T3,T3,OK
846,T3,T3,OK
853,T3,T3,OK
854,T3,T3,OK
857,T3,T3,OK
859,T3,T3,OK
861,T3,T3,OK
873,T3,T3,OK
881,T3,T3,OK
885,T3,T3,OK
889,T3,T3,OK
892,T3,T3,OK
934,T3,T3,OK
939,T3,T3,OK
940,T3,T3,OK
952,T3,T3,OK
956,T3,T3,OK
957,T3,T3,OK
963,T3,T3,OK
967,T3,T3,OK
968,T4,T4,OK
975,T3,T3,OK
981,T3,T3,OK
993,T3,T3,OK
995,T3,T3,OK
996,T4,T4,OK
997,T1,T1,OK
1020,T3,T3,OK
1040,T3,T3,OK
1097,T3,T3,OK
1101,T3,T3,OK
1106,T3,T3,OK
1108,T3,T3,OK
1123,T3,T3,OK
1128,T3,T3,OK
1157,T3,T3,OK
1158,T3,T3,OK
1159,T3,T3,OK
1164,T3,T3,OK
1172,T3,T3,OK
1173,T3,T3,OK
1174,T3,T3,OK
1176,T3,T3,OK
1178,T3,T3,OK
1179,T3,T3,OK
1180,T3,T3,OK
1181,T3,T3,OK
1186,T3,T3,OK
1187,T3,T3,OK
1188,T3,T3,OK
1200,T3,T3,OK
1205,T3,T3,OK
1210,T3,T3,OK
1211,T3,T3,OK
1218,T3,T3,OK
1219,T3,T3,OK
1223,T3,T3,OK
1224,T3,T3,OK
1247,T3,T3,OK
1248,T3,T3,OK
1251,T3,T3,OK
1268,T3,T3,OK
1269,T3,T3,OK
1277,T3,T3,OK
1279,T3,T3,OK
1300,T3,T3,OK
1302,T3,T3,OK
1316,T3,T3,OK
1326,T3,T3,OK
1333,T3,T3,OK
1337,T3,T3,OK
1358,T3,T3,OK
1361,T3,T3,OK
1369,T3,T3,OK
1376,T4,T4,OK
1386,T3,T3,OK
1393,T3,T3,OK
1400,T3,T3,OK
1401,T4,T4,OK
1414,T3,T3,OK
1418,T3,T3,OK
1431,T3,T3,OK
1433,T3,T3,OK
1436,T4,T4,OK
1471,T3,T3,OK
1492,T3,T3,OK
1493,T3,T3,OK
1507,T3,T3,OK
1510,T3,T3,OK
1512,T3,T3,OK
1523,T3,T3,OK
1528,T4,T4,OK
1534,T3,T3,OK
1537,T3,T3,OK
1539,T3,T3,OK
1540,T3,T3,OK
1541,T3,T3,OK
1543,T3,T3,OK
1544,T3,T3,OK
1546,T3,T3,OK
1547,T3,T3,OK
1552,T3,T3,OK
1557,T3,T3,OK
1559,T4,T4,OK
1567,T3,T3,OK
1575,T3,T3,OK
1583,T3,T3,OK
1584,T3,T3,OK
1588,T3,T3,OK
1589,T3,T3,OK
1599,T3,T3,OK
1602,T3,T3,OK
