incident_id,kind,cik,startdt,enddt,query,url,hits_total,hit_ids
TBD-01,SPECIFIC,1467858,2023-10-02,2024-10-02,"""Cruise""",https://efts.sec.gov/LATEST/search-index?q=%22Cruise%22&forms=8-K%2C10-K%2C10-Q&ciks=0001467858&dateRange=custom&startdt=2023-10-02&enddt=2024-10-02,,
TBD-01,SPECIFIC,1467858,2023-10-02,2024-10-02,"""robotaxi""",https://efts.sec.gov/LATEST/search-index?q=%22robotaxi%22&forms=8-K%2C10-K%2C10-Q&ciks=0001467858&dateRange=custom&startdt=2023-10-02&enddt=2024-10-02,,
TBD-01,SPECIFIC,1467858,2023-10-02,2024-10-02,"""pedestrian""",https://efts.sec.gov/LATEST/search-index?q=%22pedestrian%22&forms=8-K%2C10-K%2C10-Q&ciks=0001467858&dateRange=custom&startdt=2023-10-02&enddt=2024-10-02,,
TBD-01,GENERIC,1467858,2023-10-02,2024-10-02,"""artificial intelligence"" OR ""machine learning"" OR ""algorithm"" OR ""automated decision"" OR ""AI system"" OR ""model risk""",https://efts.sec.gov/LATEST/search-index?q=%22artificial%20intelligence%22%20OR%20%22machine%20learning%22%20OR%20%22algorithm%22%20OR%20%22automated%20decision%22%20OR%20%22AI%20system%22%20OR%20%22model%20risk%22&forms=8-K%2C10-K%2C10-Q&ciks=0001467858&dateRange=custom&startdt=2023-10-02&enddt=2024-10-02,,
TBD-02,SPECIFIC,1318605,2021-08-13,2022-08-13,"""Autopilot""",https://efts.sec.gov/LATEST/search-index?q=%22Autopilot%22&forms=8-K%2C10-K%2C10-Q&ciks=0001318605&dateRange=custom&startdt=2021-08-13&enddt=2022-08-13,,
TBD-02,SPECIFIC,1318605,2021-08-13,2022-08-13,"""NHTSA""",https://efts.sec.gov/LATEST/search-index?q=%22NHTSA%22&forms=8-K%2C10-K%2C10-Q&ciks=0001318605&dateRange=custom&startdt=2021-08-13&enddt=2022-08-13,,
TBD-02,SPECIFIC,1318605,2021-08-13,2022-08-13,"""self-driving""",https://efts.sec.gov/LATEST/search-index?q=%22self-driving%22&forms=8-K%2C10-K%2C10-Q&ciks=0001318605&dateRange=custom&startdt=2021-08-13&enddt=2022-08-13,,
TBD-02,GENERIC,1318605,2021-08-13,2022-08-13,"""artificial intelligence"" OR ""machine learning"" OR ""algorithm"" OR ""automated decision"" OR ""AI system"" OR ""model risk""",https://efts.sec.gov/LATEST/search-index?q=%22artificial%20intelligence%22%20OR%20%22machine%20learning%22%20OR%20%22algorithm%22%20OR%20%22automated%20decision%22%20OR%20%22AI%20system%22%20OR%20%22model%20risk%22&forms=8-K%2C10-K%2C10-Q&ciks=0001318605&dateRange=custom&startdt=2021-08-13&enddt=2022-08-13,,
TBD-03,SPECIFIC,1318605,2023-12-13,2024-12-13,"""full self-driving""",https://efts.sec.gov/LATEST/search-index?q=%22full%20self-driving%22&forms=8-K%2C10-K%2C10-Q&ciks=0001318605&dateRange=custom&startdt=2023-12-13&enddt=2024-12-13,,
TBD-03,SPECIFIC,1318605,2023-12-13,2024-12-13,"""recall""",https://efts.sec.gov/LATEST/search-index?q=%22recall%22&forms=8-K%2C10-K%2C10-Q&ciks=0001318605&dateRange=custom&startdt=2023-12-13&enddt=2024-12-13,,
TBD-03,SPECIFIC,1318605,2023-12-13,2024-12-13,"""Autopilot""",https://efts.sec.gov/LATEST/search-index?q=%22Autopilot%22&forms=8-K%2C10-K%2C10-Q&ciks=0001318605&dateRange=custom&startdt=2023-12-13&enddt=2024-12-13,,
TBD-03,GENERIC,1318605,2023-12-13,2024-12-13,"""artificial intelligence"" OR ""machine learning"" OR ""algorithm"" OR ""automated decision"" OR ""AI system"" OR ""model risk""",https://efts.sec.gov/LATEST/search-index?q=%22artificial%20intelligence%22%20OR%20%22machine%20learning%22%20OR%20%22algorithm%22%20OR%20%22automated%20decision%22%20OR%20%22AI%20system%22%20OR%20%22model%20risk%22&forms=8-K%2C10-K%2C10-Q&ciks=0001318605&dateRange=custom&startdt=2023-12-13&enddt=2024-12-13,,
TBD-04,SPECIFIC,731766,2023-11-14,2024-11-14,"""nH Predict""",https://efts.sec.gov/LATEST/search-index?q=%22nH%20Predict%22&forms=8-K%2C10-K%2C10-Q&ciks=0000731766&dateRange=custom&startdt=2023-11-14&enddt=2024-11-14,,
TBD-04,SPECIFIC,731766,2023-11-14,2024-11-14,"""naviHealth""",https://efts.sec.gov/LATEST/search-index?q=%22naviHealth%22&forms=8-K%2C10-K%2C10-Q&ciks=0000731766&dateRange=custom&startdt=2023-11-14&enddt=2024-11-14,,
TBD-04,SPECIFIC,731766,2023-11-14,2024-11-14,"""algorithm""",https://efts.sec.gov/LATEST/search-index?q=%22algorithm%22&forms=8-K%2C10-K%2C10-Q&ciks=0000731766&dateRange=custom&startdt=2023-11-14&enddt=2024-11-14,,
TBD-04,GENERIC,731766,2023-11-14,2024-11-14,"""artificial intelligence"" OR ""machine learning"" OR ""algorithm"" OR ""automated decision"" OR ""AI system"" OR ""model risk""",https://efts.sec.gov/LATEST/search-index?q=%22artificial%20intelligence%22%20OR%20%22machine%20learning%22%20OR%20%22algorithm%22%20OR%20%22automated%20decision%22%20OR%20%22AI%20system%22%20OR%20%22model%20risk%22&forms=8-K%2C10-K%2C10-Q&ciks=0000731766&dateRange=custom&startdt=2023-11-14&enddt=2024-11-14,,
TBD-05,SPECIFIC,1739940,2023-03-25,2024-03-25,"""PxDx""",https://efts.sec.gov/LATEST/search-index?q=%22PxDx%22&forms=8-K%2C10-K%2C10-Q&ciks=0001739940&dateRange=custom&startdt=2023-03-25&enddt=2024-03-25,,
TBD-05,SPECIFIC,1739940,2023-03-25,2024-03-25,"""algorithm""",https://efts.sec.gov/LATEST/search-index?q=%22algorithm%22&forms=8-K%2C10-K%2C10-Q&ciks=0001739940&dateRange=custom&startdt=2023-03-25&enddt=2024-03-25,,
TBD-05,SPECIFIC,1739940,2023-03-25,2024-03-25,"""claims""",https://efts.sec.gov/LATEST/search-index?q=%22claims%22&forms=8-K%2C10-K%2C10-Q&ciks=0001739940&dateRange=custom&startdt=2023-03-25&enddt=2024-03-25,,
TBD-05,GENERIC,1739940,2023-03-25,2024-03-25,"""artificial intelligence"" OR ""machine learning"" OR ""algorithm"" OR ""automated decision"" OR ""AI system"" OR ""model risk""",https://efts.sec.gov/LATEST/search-index?q=%22artificial%20intelligence%22%20OR%20%22machine%20learning%22%20OR%20%22algorithm%22%20OR%20%22automated%20decision%22%20OR%20%22AI%20system%22%20OR%20%22model%20risk%22&forms=8-K%2C10-K%2C10-Q&ciks=0001739940&dateRange=custom&startdt=2023-03-25&enddt=2024-03-25,,
TBD-06,SPECIFIC,731766,2019-10-24,2020-10-24,"""algorithm""",https://efts.sec.gov/LATEST/search-index?q=%22algorithm%22&forms=8-K%2C10-K%2C10-Q&ciks=0000731766&dateRange=custom&startdt=2019-10-24&enddt=2020-10-24,,
TBD-06,SPECIFIC,731766,2019-10-24,2020-10-24,"""bias""",https://efts.sec.gov/LATEST/search-index?q=%22bias%22&forms=8-K%2C10-K%2C10-Q&ciks=0000731766&dateRange=custom&startdt=2019-10-24&enddt=2020-10-24,,
TBD-06,GENERIC,731766,2019-10-24,2020-10-24,"""artificial intelligence"" OR ""machine learning"" OR ""algorithm"" OR ""automated decision"" OR ""AI system"" OR ""model risk""",https://efts.sec.gov/LATEST/search-index?q=%22artificial%20intelligence%22%20OR%20%22machine%20learning%22%20OR%20%22algorithm%22%20OR%20%22automated%20decision%22%20OR%20%22AI%20system%22%20OR%20%22model%20risk%22&forms=8-K%2C10-K%2C10-Q&ciks=0000731766&dateRange=custom&startdt=2019-10-24&enddt=2020-10-24,,
TBD-07,SPECIFIC,1617640,2021-11-02,2022-11-02,"""Zillow Offers""",https://efts.sec.gov/LATEST/search-index?q=%22Zillow%20Offers%22&forms=8-K%2C10-K%2C10-Q&ciks=0001617640&dateRange=custom&startdt=2021-11-02&enddt=2022-11-02,,
TBD-07,SPECIFIC,1617640,2021-11-02,2022-11-02,"""algorithm""",https://efts.sec.gov/LATEST/search-index?q=%22algorithm%22&forms=8-K%2C10-K%2C10-Q&ciks=0001617640&dateRange=custom&startdt=2021-11-02&enddt=2022-11-02,,
TBD-07,SPECIFIC,1617640,2021-11-02,2022-11-02,"""iBuying""",https://efts.sec.gov/LATEST/search-index?q=%22iBuying%22&forms=8-K%2C10-K%2C10-Q&ciks=0001617640&dateRange=custom&startdt=2021-11-02&enddt=2022-11-02,,
TBD-07,GENERIC,1617640,2021-11-02,2022-11-02,"""artificial intelligence"" OR ""machine learning"" OR ""algorithm"" OR ""automated decision"" OR ""AI system"" OR ""model risk""",https://efts.sec.gov/LATEST/search-index?q=%22artificial%20intelligence%22%20OR%20%22machine%20learning%22%20OR%20%22algorithm%22%20OR%20%22automated%20decision%22%20OR%20%22AI%20system%22%20OR%20%22model%20risk%22&forms=8-K%2C10-K%2C10-Q&ciks=0001617640&dateRange=custom&startdt=2021-11-02&enddt=2022-11-02,,
TBD-08,SPECIFIC,1318605,2022-02-16,2023-02-16,"""phantom braking""",https://efts.sec.gov/LATEST/search-index?q=%22phantom%20braking%22&forms=8-K%2C10-K%2C10-Q&ciks=0001318605&dateRange=custom&startdt=2022-02-16&enddt=2023-02-16,,
TBD-08,SPECIFIC,1318605,2022-02-16,2023-02-16,"""Autopilot""",https://efts.sec.gov/LATEST/search-index?q=%22Autopilot%22&forms=8-K%2C10-K%2C10-Q&ciks=0001318605&dateRange=custom&startdt=2022-02-16&enddt=2023-02-16,,
TBD-08,GENERIC,1318605,2022-02-16,2023-02-16,"""artificial intelligence"" OR ""machine learning"" OR ""algorithm"" OR ""automated decision"" OR ""AI system"" OR ""model risk""",https://efts.sec.gov/LATEST/search-index?q=%22artificial%20intelligence%22%20OR%20%22machine%20learning%22%20OR%20%22algorithm%22%20OR%20%22automated%20decision%22%20OR%20%22AI%20system%22%20OR%20%22model%20risk%22&forms=8-K%2C10-K%2C10-Q&ciks=0001318605&dateRange=custom&startdt=2022-02-16&enddt=2023-02-16,,
TBD-09,SPECIFIC,886982,2019-11-08,2020-11-08,"""Apple Card""",https://efts.sec.gov/LATEST/search-index?q=%22Apple%20Card%22&forms=8-K%2C10-K%2C10-Q&ciks=0000886982&dateRange=custom&startdt=2019-11-08&enddt=2020-11-08,,
TBD-09,SPECIFIC,886982,2019-11-08,2020-11-08,"""algorithm""",https://efts.sec.gov/LATEST/search-index?q=%22algorithm%22&forms=8-K%2C10-K%2C10-Q&ciks=0000886982&dateRange=custom&startdt=2019-11-08&enddt=2020-11-08,,
TBD-09,SPECIFIC,886982,2019-11-08,2020-11-08,"""credit""",https://efts.sec.gov/LATEST/search-index?q=%22credit%22&forms=8-K%2C10-K%2C10-Q&ciks=0000886982&dateRange=custom&startdt=2019-11-08&enddt=2020-11-08,,
TBD-09,GENERIC,886982,2019-11-08,2020-11-08,"""artificial intelligence"" OR ""machine learning"" OR ""algorithm"" OR ""automated decision"" OR ""AI system"" OR ""model risk""",https://efts.sec.gov/LATEST/search-index?q=%22artificial%20intelligence%22%20OR%20%22machine%20learning%22%20OR%20%22algorithm%22%20OR%20%22automated%20decision%22%20OR%20%22AI%20system%22%20OR%20%22model%20risk%22&forms=8-K%2C10-K%2C10-Q&ciks=0000886982&dateRange=custom&startdt=2019-11-08&enddt=2020-11-08,,
TBD-10,SPECIFIC,1326801,2022-06-21,2023-06-21,"""advertising""",https://efts.sec.gov/LATEST/search-index?q=%22advertising%22&forms=8-K%2C10-K%2C10-Q&ciks=0001326801&dateRange=custom&startdt=2022-06-21&enddt=2023-06-21,,
TBD-10,SPECIFIC,1326801,2022-06-21,2023-06-21,"""discrimination""",https://efts.sec.gov/LATEST/search-index?q=%22discrimination%22&forms=8-K%2C10-K%2C10-Q&ciks=0001326801&dateRange=custom&startdt=2022-06-21&enddt=2023-06-21,,
TBD-10,SPECIFIC,1326801,2022-06-21,2023-06-21,"""housing""",https://efts.sec.gov/LATEST/search-index?q=%22housing%22&forms=8-K%2C10-K%2C10-Q&ciks=0001326801&dateRange=custom&startdt=2022-06-21&enddt=2023-06-21,,
TBD-10,GENERIC,1326801,2022-06-21,2023-06-21,"""artificial intelligence"" OR ""machine learning"" OR ""algorithm"" OR ""automated decision"" OR ""AI system"" OR ""model risk""",https://efts.sec.gov/LATEST/search-index?q=%22artificial%20intelligence%22%20OR%20%22machine%20learning%22%20OR%20%22algorithm%22%20OR%20%22automated%20decision%22%20OR%20%22AI%20system%22%20OR%20%22model%20risk%22&forms=8-K%2C10-K%2C10-Q&ciks=0001326801&dateRange=custom&startdt=2022-06-21&enddt=2023-06-21,,
TBD-11,SPECIFIC,1018724,2020-06-10,2021-06-10,"""Rekognition""",https://efts.sec.gov/LATEST/search-index?q=%22Rekognition%22&forms=8-K%2C10-K%2C10-Q&ciks=0001018724&dateRange=custom&startdt=2020-06-10&enddt=2021-06-10,,
TBD-11,SPECIFIC,1018724,2020-06-10,2021-06-10,"""facial recognition""",https://efts.sec.gov/LATEST/search-index?q=%22facial%20recognition%22&forms=8-K%2C10-K%2C10-Q&ciks=0001018724&dateRange=custom&startdt=2020-06-10&enddt=2021-06-10,,
TBD-11,GENERIC,1018724,2020-06-10,2021-06-10,"""artificial intelligence"" OR ""machine learning"" OR ""algorithm"" OR ""automated decision"" OR ""AI system"" OR ""model risk""",https://efts.sec.gov/LATEST/search-index?q=%22artificial%20intelligence%22%20OR%20%22machine%20learning%22%20OR%20%22algorithm%22%20OR%20%22automated%20decision%22%20OR%20%22AI%20system%22%20OR%20%22model%20risk%22&forms=8-K%2C10-K%2C10-Q&ciks=0001018724&dateRange=custom&startdt=2020-06-10&enddt=2021-06-10,,
TBD-12,SPECIFIC,84129,2023-12-19,2024-12-19,"""facial recognition""",https://efts.sec.gov/LATEST/search-index?q=%22facial%20recognition%22&forms=8-K%2C10-K%2C10-Q&ciks=0000084129&dateRange=custom&startdt=2023-12-19&enddt=2024-12-19,,
TBD-12,SPECIFIC,84129,2023-12-19,2024-12-19,"""FTC""",https://efts.sec.gov/LATEST/search-index?q=%22FTC%22&forms=8-K%2C10-K%2C10-Q&ciks=0000084129&dateRange=custom&startdt=2023-12-19&enddt=2024-12-19,,
TBD-12,GENERIC,84129,2023-12-19,2024-12-19,"""artificial intelligence"" OR ""machine learning"" OR ""algorithm"" OR ""automated decision"" OR ""AI system"" OR ""model risk""",https://efts.sec.gov/LATEST/search-index?q=%22artificial%20intelligence%22%20OR%20%22machine%20learning%22%20OR%20%22algorithm%22%20OR%20%22automated%20decision%22%20OR%20%22AI%20system%22%20OR%20%22model%20risk%22&forms=8-K%2C10-K%2C10-Q&ciks=0000084129&dateRange=custom&startdt=2023-12-19&enddt=2024-12-19,,
TBD-13,SPECIFIC,1327811,2023-02-21,2024-02-21,"""Mobley""",https://efts.sec.gov/LATEST/search-index?q=%22Mobley%22&forms=8-K%2C10-K%2C10-Q&ciks=0001327811&dateRange=custom&startdt=2023-02-21&enddt=2024-02-21,,
TBD-13,SPECIFIC,1327811,2023-02-21,2024-02-21,"""algorithm""",https://efts.sec.gov/LATEST/search-index?q=%22algorithm%22&forms=8-K%2C10-K%2C10-Q&ciks=0001327811&dateRange=custom&startdt=2023-02-21&enddt=2024-02-21,,
TBD-13,SPECIFIC,1327811,2023-02-21,2024-02-21,"""discrimination""",https://efts.sec.gov/LATEST/search-index?q=%22discrimination%22&forms=8-K%2C10-K%2C10-Q&ciks=0001327811&dateRange=custom&startdt=2023-02-21&enddt=2024-02-21,,
TBD-13,GENERIC,1327811,2023-02-21,2024-02-21,"""artificial intelligence"" OR ""machine learning"" OR ""algorithm"" OR ""automated decision"" OR ""AI system"" OR ""model risk""",https://efts.sec.gov/LATEST/search-index?q=%22artificial%20intelligence%22%20OR%20%22machine%20learning%22%20OR%20%22algorithm%22%20OR%20%22automated%20decision%22%20OR%20%22AI%20system%22%20OR%20%22model%20risk%22&forms=8-K%2C10-K%2C10-Q&ciks=0001327811&dateRange=custom&startdt=2023-02-21&enddt=2024-02-21,,
TBD-14,SPECIFIC,1418091,2020-09-19,2021-09-19,"""image cropping""",https://efts.sec.gov/LATEST/search-index?q=%22image%20cropping%22&forms=8-K%2C10-K%2C10-Q&ciks=0001418091&dateRange=custom&startdt=2020-09-19&enddt=2021-09-19,,
TBD-14,SPECIFIC,1418091,2020-09-19,2021-09-19,"""algorithm""",https://efts.sec.gov/LATEST/search-index?q=%22algorithm%22&forms=8-K%2C10-K%2C10-Q&ciks=0001418091&dateRange=custom&startdt=2020-09-19&enddt=2021-09-19,,
TBD-14,SPECIFIC,1418091,2020-09-19,2021-09-19,"""saliency""",https://efts.sec.gov/LATEST/search-index?q=%22saliency%22&forms=8-K%2C10-K%2C10-Q&ciks=0001418091&dateRange=custom&startdt=2020-09-19&enddt=2021-09-19,,
TBD-14,GENERIC,1418091,2020-09-19,2021-09-19,"""artificial intelligence"" OR ""machine learning"" OR ""algorithm"" OR ""automated decision"" OR ""AI system"" OR ""model risk""",https://efts.sec.gov/LATEST/search-index?q=%22artificial%20intelligence%22%20OR%20%22machine%20learning%22%20OR%20%22algorithm%22%20OR%20%22automated%20decision%22%20OR%20%22AI%20system%22%20OR%20%22model%20risk%22&forms=8-K%2C10-K%2C10-Q&ciks=0001418091&dateRange=custom&startdt=2020-09-19&enddt=2021-09-19,,
TBD-15,SPECIFIC,1326801,2021-09-14,2022-09-14,"""Instagram""",https://efts.sec.gov/LATEST/search-index?q=%22Instagram%22&forms=8-K%2C10-K%2C10-Q&ciks=0001326801&dateRange=custom&startdt=2021-09-14&enddt=2022-09-14,,
TBD-15,SPECIFIC,1326801,2021-09-14,2022-09-14,"""well-being""",https://efts.sec.gov/LATEST/search-index?q=%22well-being%22&forms=8-K%2C10-K%2C10-Q&ciks=0001326801&dateRange=custom&startdt=2021-09-14&enddt=2022-09-14,,
TBD-15,SPECIFIC,1326801,2021-09-14,2022-09-14,"""teen""",https://efts.sec.gov/LATEST/search-index?q=%22teen%22&forms=8-K%2C10-K%2C10-Q&ciks=0001326801&dateRange=custom&startdt=2021-09-14&enddt=2022-09-14,,
TBD-15,GENERIC,1326801,2021-09-14,2022-09-14,"""artificial intelligence"" OR ""machine learning"" OR ""algorithm"" OR ""automated decision"" OR ""AI system"" OR ""model risk""",https://efts.sec.gov/LATEST/search-index?q=%22artificial%20intelligence%22%20OR%20%22machine%20learning%22%20OR%20%22algorithm%22%20OR%20%22automated%20decision%22%20OR%20%22AI%20system%22%20OR%20%22model%20risk%22&forms=8-K%2C10-K%2C10-Q&ciks=0001326801&dateRange=custom&startdt=2021-09-14&enddt=2022-09-14,,
TBD-16,SPECIFIC,1652044,2024-02-21,2025-02-21,"""Gemini""",https://efts.sec.gov/LATEST/search-index?q=%22Gemini%22&forms=8-K%2C10-K%2C10-Q&ciks=0001652044&dateRange=custom&startdt=2024-02-21&enddt=2025-02-21,,
TBD-16,SPECIFIC,1652044,2024-02-21,2025-02-21,"""image""",https://efts.sec.gov/LATEST/search-index?q=%22image%22&forms=8-K%2C10-K%2C10-Q&ciks=0001652044&dateRange=custom&startdt=2024-02-21&enddt=2025-02-21,,
TBD-16,GENERIC,1652044,2024-02-21,2025-02-21,"""artificial intelligence"" OR ""machine learning"" OR ""algorithm"" OR ""automated decision"" OR ""AI system"" OR ""model risk""",https://efts.sec.gov/LATEST/search-index?q=%22artificial%20intelligence%22%20OR%20%22machine%20learning%22%20OR%20%22algorithm%22%20OR%20%22automated%20decision%22%20OR%20%22AI%20system%22%20OR%20%22model%20risk%22&forms=8-K%2C10-K%2C10-Q&ciks=0001652044&dateRange=custom&startdt=2024-02-21&enddt=2025-02-21,,
TBD-17,SPECIFIC,789019,2023-02-16,2024-02-16,"""Bing""",https://efts.sec.gov/LATEST/search-index?q=%22Bing%22&forms=8-K%2C10-K%2C10-Q&ciks=0000789019&dateRange=custom&startdt=2023-02-16&enddt=2024-02-16,,
TBD-17,SPECIFIC,789019,2023-02-16,2024-02-16,"""chatbot""",https://efts.sec.gov/LATEST/search-index?q=%22chatbot%22&forms=8-K%2C10-K%2C10-Q&ciks=0000789019&dateRange=custom&startdt=2023-02-16&enddt=2024-02-16,,
TBD-17,SPECIFIC,789019,2023-02-16,2024-02-16,"""Copilot""",https://efts.sec.gov/LATEST/search-index?q=%22Copilot%22&forms=8-K%2C10-K%2C10-Q&ciks=0000789019&dateRange=custom&startdt=2023-02-16&enddt=2024-02-16,,
TBD-17,GENERIC,789019,2023-02-16,2024-02-16,"""artificial intelligence"" OR ""machine learning"" OR ""algorithm"" OR ""automated decision"" OR ""AI system"" OR ""model risk""",https://efts.sec.gov/LATEST/search-index?q=%22artificial%20intelligence%22%20OR%20%22machine%20learning%22%20OR%20%22algorithm%22%20OR%20%22automated%20decision%22%20OR%20%22AI%20system%22%20OR%20%22model%20risk%22&forms=8-K%2C10-K%2C10-Q&ciks=0000789019&dateRange=custom&startdt=2023-02-16&enddt=2024-02-16,,
TBD-18,SPECIFIC,72971,2022-03-10,2023-03-10,"""algorithm""",https://efts.sec.gov/LATEST/search-index?q=%22algorithm%22&forms=8-K%2C10-K%2C10-Q&ciks=0000072971&dateRange=custom&startdt=2022-03-10&enddt=2023-03-10,,
TBD-18,SPECIFIC,72971,2022-03-10,2023-03-10,"""mortgage""",https://efts.sec.gov/LATEST/search-index?q=%22mortgage%22&forms=8-K%2C10-K%2C10-Q&ciks=0000072971&dateRange=custom&startdt=2022-03-10&enddt=2023-03-10,,
TBD-18,SPECIFIC,72971,2022-03-10,2023-03-10,"""refinanc""",https://efts.sec.gov/LATEST/search-index?q=%22refinanc%22&forms=8-K%2C10-K%2C10-Q&ciks=0000072971&dateRange=custom&startdt=2022-03-10&enddt=2023-03-10,,
TBD-18,GENERIC,72971,2022-03-10,2023-03-10,"""artificial intelligence"" OR ""machine learning"" OR ""algorithm"" OR ""automated decision"" OR ""AI system"" OR ""model risk""",https://efts.sec.gov/LATEST/search-index?q=%22artificial%20intelligence%22%20OR%20%22machine%20learning%22%20OR%20%22algorithm%22%20OR%20%22automated%20decision%22%20OR%20%22AI%20system%22%20OR%20%22model%20risk%22&forms=8-K%2C10-K%2C10-Q&ciks=0000072971&dateRange=custom&startdt=2022-03-10&enddt=2023-03-10,,
TBD-19,SPECIFIC,789019,2024-01-25,2025-01-25,"""Designer""",https://efts.sec.gov/LATEST/search-index?q=%22Designer%22&forms=8-K%2C10-K%2C10-Q&ciks=0000789019&dateRange=custom&startdt=2024-01-25&enddt=2025-01-25,,
TBD-19,SPECIFIC,789019,2024-01-25,2025-01-25,"""deepfake""",https://efts.sec.gov/LATEST/search-index?q=%22deepfake%22&forms=8-K%2C10-K%2C10-Q&ciks=0000789019&dateRange=custom&startdt=2024-01-25&enddt=2025-01-25,,
TBD-19,SPECIFIC,789019,2024-01-25,2025-01-25,"""nonconsensual""",https://efts.sec.gov/LATEST/search-index?q=%22nonconsensual%22&forms=8-K%2C10-K%2C10-Q&ciks=0000789019&dateRange=custom&startdt=2024-01-25&enddt=2025-01-25,,
TBD-19,GENERIC,789019,2024-01-25,2025-01-25,"""artificial intelligence"" OR ""machine learning"" OR ""algorithm"" OR ""automated decision"" OR ""AI system"" OR ""model risk""",https://efts.sec.gov/LATEST/search-index?q=%22artificial%20intelligence%22%20OR%20%22machine%20learning%22%20OR%20%22algorithm%22%20OR%20%22automated%20decision%22%20OR%20%22AI%20system%22%20OR%20%22model%20risk%22&forms=8-K%2C10-K%2C10-Q&ciks=0000789019&dateRange=custom&startdt=2024-01-25&enddt=2025-01-25,,
TBD-20,SPECIFIC,1318605,2019-10-01,2020-10-01,"""Smart Summon""",https://efts.sec.gov/LATEST/search-index?q=%22Smart%20Summon%22&forms=8-K%2C10-K%2C10-Q&ciks=0001318605&dateRange=custom&startdt=2019-10-01&enddt=2020-10-01,,
TBD-20,SPECIFIC,1318605,2019-10-01,2020-10-01,"""Autopilot""",https://efts.sec.gov/LATEST/search-index?q=%22Autopilot%22&forms=8-K%2C10-K%2C10-Q&ciks=0001318605&dateRange=custom&startdt=2019-10-01&enddt=2020-10-01,,
TBD-20,GENERIC,1318605,2019-10-01,2020-10-01,"""artificial intelligence"" OR ""machine learning"" OR ""algorithm"" OR ""automated decision"" OR ""AI system"" OR ""model risk""",https://efts.sec.gov/LATEST/search-index?q=%22artificial%20intelligence%22%20OR%20%22machine%20learning%22%20OR%20%22algorithm%22%20OR%20%22automated%20decision%22%20OR%20%22AI%20system%22%20OR%20%22model%20risk%22&forms=8-K%2C10-K%2C10-Q&ciks=0001318605&dateRange=custom&startdt=2019-10-01&enddt=2020-10-01,,
TBD-21,SPECIFIC,63908,2024-06-17,2025-06-17,"""drive-thru""",https://efts.sec.gov/LATEST/search-index?q=%22drive-thru%22&forms=8-K%2C10-K%2C10-Q&ciks=0000063908&dateRange=custom&startdt=2024-06-17&enddt=2025-06-17,,
TBD-21,SPECIFIC,63908,2024-06-17,2025-06-17,"""automated order""",https://efts.sec.gov/LATEST/search-index?q=%22automated%20order%22&forms=8-K%2C10-K%2C10-Q&ciks=0000063908&dateRange=custom&startdt=2024-06-17&enddt=2025-06-17,,
TBD-21,SPECIFIC,63908,2024-06-17,2025-06-17,"""IBM""",https://efts.sec.gov/LATEST/search-index?q=%22IBM%22&forms=8-K%2C10-K%2C10-Q&ciks=0000063908&dateRange=custom&startdt=2024-06-17&enddt=2025-06-17,,
TBD-21,GENERIC,63908,2024-06-17,2025-06-17,"""artificial intelligence"" OR ""machine learning"" OR ""algorithm"" OR ""automated decision"" OR ""AI system"" OR ""model risk""",https://efts.sec.gov/LATEST/search-index?q=%22artificial%20intelligence%22%20OR%20%22machine%20learning%22%20OR%20%22algorithm%22%20OR%20%22automated%20decision%22%20OR%20%22AI%20system%22%20OR%20%22model%20risk%22&forms=8-K%2C10-K%2C10-Q&ciks=0000063908&dateRange=custom&startdt=2024-06-17&enddt=2025-06-17,,
TBD-22,SPECIFIC,789019,2023-10-31,2024-10-31,"""MSN""",https://efts.sec.gov/LATEST/search-index?q=%22MSN%22&forms=8-K%2C10-K%2C10-Q&ciks=0000789019&dateRange=custom&startdt=2023-10-31&enddt=2024-10-31,,
TBD-22,SPECIFIC,789019,2023-10-31,2024-10-31,"""AI-generated""",https://efts.sec.gov/LATEST/search-index?q=%22AI-generated%22&forms=8-K%2C10-K%2C10-Q&ciks=0000789019&dateRange=custom&startdt=2023-10-31&enddt=2024-10-31,,
TBD-22,GENERIC,789019,2023-10-31,2024-10-31,"""artificial intelligence"" OR ""machine learning"" OR ""algorithm"" OR ""automated decision"" OR ""AI system"" OR ""model risk""",https://efts.sec.gov/LATEST/search-index?q=%22artificial%20intelligence%22%20OR%20%22machine%20learning%22%20OR%20%22algorithm%22%20OR%20%22automated%20decision%22%20OR%20%22AI%20system%22%20OR%20%22model%20risk%22&forms=8-K%2C10-K%2C10-Q&ciks=0000789019&dateRange=custom&startdt=2023-10-31&enddt=2024-10-31,,
TBD-23,SPECIFIC,1652044,2023-02-08,2024-02-08,"""Bard""",https://efts.sec.gov/LATEST/search-index?q=%22Bard%22&forms=8-K%2C10-K%2C10-Q&ciks=0001652044&dateRange=custom&startdt=2023-02-08&enddt=2024-02-08,,
TBD-23,SPECIFIC,1652044,2023-02-08,2024-02-08,"""chatbot""",https://efts.sec.gov/LATEST/search-index?q=%22chatbot%22&forms=8-K%2C10-K%2C10-Q&ciks=0001652044&dateRange=custom&startdt=2023-02-08&enddt=2024-02-08,,
TBD-23,GENERIC,1652044,2023-02-08,2024-02-08,"""artificial intelligence"" OR ""machine learning"" OR ""algorithm"" OR ""automated decision"" OR ""AI system"" OR ""model risk""",https://efts.sec.gov/LATEST/search-index?q=%22artificial%20intelligence%22%20OR%20%22machine%20learning%22%20OR%20%22algorithm%22%20OR%20%22automated%20decision%22%20OR%20%22AI%20system%22%20OR%20%22model%20risk%22&forms=8-K%2C10-K%2C10-Q&ciks=0001652044&dateRange=custom&startdt=2023-02-08&enddt=2024-02-08,,
TBD-24,SPECIFIC,1326801,2022-11-17,2023-11-17,"""Galactica""",https://efts.sec.gov/LATEST/search-index?q=%22Galactica%22&forms=8-K%2C10-K%2C10-Q&ciks=0001326801&dateRange=custom&startdt=2022-11-17&enddt=2023-11-17,,
TBD-24,GENERIC,1326801,2022-11-17,2023-11-17,"""artificial intelligence"" OR ""machine learning"" OR ""algorithm"" OR ""automated decision"" OR ""AI system"" OR ""model risk""",https://efts.sec.gov/LATEST/search-index?q=%22artificial%20intelligence%22%20OR%20%22machine%20learning%22%20OR%20%22algorithm%22%20OR%20%22automated%20decision%22%20OR%20%22AI%20system%22%20OR%20%22model%20risk%22&forms=8-K%2C10-K%2C10-Q&ciks=0001326801&dateRange=custom&startdt=2022-11-17&enddt=2023-11-17,,
TBD-25,SPECIFIC,1564408,2023-08-15,2024-08-15,"""My AI""",https://efts.sec.gov/LATEST/search-index?q=%22My%20AI%22&forms=8-K%2C10-K%2C10-Q&ciks=0001564408&dateRange=custom&startdt=2023-08-15&enddt=2024-08-15,,
TBD-25,SPECIFIC,1564408,2023-08-15,2024-08-15,"""chatbot""",https://efts.sec.gov/LATEST/search-index?q=%22chatbot%22&forms=8-K%2C10-K%2C10-Q&ciks=0001564408&dateRange=custom&startdt=2023-08-15&enddt=2024-08-15,,
TBD-25,GENERIC,1564408,2023-08-15,2024-08-15,"""artificial intelligence"" OR ""machine learning"" OR ""algorithm"" OR ""automated decision"" OR ""AI system"" OR ""model risk""",https://efts.sec.gov/LATEST/search-index?q=%22artificial%20intelligence%22%20OR%20%22machine%20learning%22%20OR%20%22algorithm%22%20OR%20%22automated%20decision%22%20OR%20%22AI%20system%22%20OR%20%22model%20risk%22&forms=8-K%2C10-K%2C10-Q&ciks=0001564408&dateRange=custom&startdt=2023-08-15&enddt=2024-08-15,,
TBD-26,SPECIFIC,1018724,2021-12-28,2022-12-28,"""Alexa""",https://efts.sec.gov/LATEST/search-index?q=%22Alexa%22&forms=8-K%2C10-K%2C10-Q&ciks=0001018724&dateRange=custom&startdt=2021-12-28&enddt=2022-12-28,,
TBD-26,SPECIFIC,1018724,2021-12-28,2022-12-28,"""voice assistant""",https://efts.sec.gov/LATEST/search-index?q=%22voice%20assistant%22&forms=8-K%2C10-K%2C10-Q&ciks=0001018724&dateRange=custom&startdt=2021-12-28&enddt=2022-12-28,,
TBD-26,GENERIC,1018724,2021-12-28,2022-12-28,"""artificial intelligence"" OR ""machine learning"" OR ""algorithm"" OR ""automated decision"" OR ""AI system"" OR ""model risk""",https://efts.sec.gov/LATEST/search-index?q=%22artificial%20intelligence%22%20OR%20%22machine%20learning%22%20OR%20%22algorithm%22%20OR%20%22automated%20decision%22%20OR%20%22AI%20system%22%20OR%20%22model%20risk%22&forms=8-K%2C10-K%2C10-Q&ciks=0001018724&dateRange=custom&startdt=2021-12-28&enddt=2022-12-28,,
TBD-27,SPECIFIC,1326801,2022-08-05,2023-08-05,"""BlenderBot""",https://efts.sec.gov/LATEST/search-index?q=%22BlenderBot%22&forms=8-K%2C10-K%2C10-Q&ciks=0001326801&dateRange=custom&startdt=2022-08-05&enddt=2023-08-05,,
TBD-27,SPECIFIC,1326801,2022-08-05,2023-08-05,"""chatbot""",https://efts.sec.gov/LATEST/search-index?q=%22chatbot%22&forms=8-K%2C10-K%2C10-Q&ciks=0001326801&dateRange=custom&startdt=2022-08-05&enddt=2023-08-05,,
TBD-27,GENERIC,1326801,2022-08-05,2023-08-05,"""artificial intelligence"" OR ""machine learning"" OR ""algorithm"" OR ""automated decision"" OR ""AI system"" OR ""model risk""",https://efts.sec.gov/LATEST/search-index?q=%22artificial%20intelligence%22%20OR%20%22machine%20learning%22%20OR%20%22algorithm%22%20OR%20%22automated%20decision%22%20OR%20%22AI%20system%22%20OR%20%22model%20risk%22&forms=8-K%2C10-K%2C10-Q&ciks=0001326801&dateRange=custom&startdt=2022-08-05&enddt=2023-08-05,,
TBD-28,SPECIFIC,1318605,2023-04-06,2024-04-06,"""camera""",https://efts.sec.gov/LATEST/search-index?q=%22camera%22&forms=8-K%2C10-K%2C10-Q&ciks=0001318605&dateRange=custom&startdt=2023-04-06&enddt=2024-04-06,,
TBD-28,SPECIFIC,1318605,2023-04-06,2024-04-06,"""privacy""",https://efts.sec.gov/LATEST/search-index?q=%22privacy%22&forms=8-K%2C10-K%2C10-Q&ciks=0001318605&dateRange=custom&startdt=2023-04-06&enddt=2024-04-06,,
TBD-28,SPECIFIC,1318605,2023-04-06,2024-04-06,"""footage""",https://efts.sec.gov/LATEST/search-index?q=%22footage%22&forms=8-K%2C10-K%2C10-Q&ciks=0001318605&dateRange=custom&startdt=2023-04-06&enddt=2024-04-06,,
TBD-28,GENERIC,1318605,2023-04-06,2024-04-06,"""artificial intelligence"" OR ""machine learning"" OR ""algorithm"" OR ""automated decision"" OR ""AI system"" OR ""model risk""",https://efts.sec.gov/LATEST/search-index?q=%22artificial%20intelligence%22%20OR%20%22machine%20learning%22%20OR%20%22algorithm%22%20OR%20%22automated%20decision%22%20OR%20%22AI%20system%22%20OR%20%22model%20risk%22&forms=8-K%2C10-K%2C10-Q&ciks=0001318605&dateRange=custom&startdt=2023-04-06&enddt=2024-04-06,,
TBD-29,SPECIFIC,1652044,2019-09-04,2020-09-04,"""COPPA""",https://efts.sec.gov/LATEST/search-index?q=%22COPPA%22&forms=8-K%2C10-K%2C10-Q&ciks=0001652044&dateRange=custom&startdt=2019-09-04&enddt=2020-09-04,,
TBD-29,SPECIFIC,1652044,2019-09-04,2020-09-04,"""children""",https://efts.sec.gov/LATEST/search-index?q=%22children%22&forms=8-K%2C10-K%2C10-Q&ciks=0001652044&dateRange=custom&startdt=2019-09-04&enddt=2020-09-04,,
TBD-29,SPECIFIC,1652044,2019-09-04,2020-09-04,"""YouTube""",https://efts.sec.gov/LATEST/search-index?q=%22YouTube%22&forms=8-K%2C10-K%2C10-Q&ciks=0001652044&dateRange=custom&startdt=2019-09-04&enddt=2020-09-04,,
TBD-29,GENERIC,1652044,2019-09-04,2020-09-04,"""artificial intelligence"" OR ""machine learning"" OR ""algorithm"" OR ""automated decision"" OR ""AI system"" OR ""model risk""",https://efts.sec.gov/LATEST/search-index?q=%22artificial%20intelligence%22%20OR%20%22machine%20learning%22%20OR%20%22algorithm%22%20OR%20%22automated%20decision%22%20OR%20%22AI%20system%22%20OR%20%22model%20risk%22&forms=8-K%2C10-K%2C10-Q&ciks=0001652044&dateRange=custom&startdt=2019-09-04&enddt=2020-09-04,,
TBD-30,SPECIFIC,789019,2022-11-03,2023-11-03,"""Copilot""",https://efts.sec.gov/LATEST/search-index?q=%22Copilot%22&forms=8-K%2C10-K%2C10-Q&ciks=0000789019&dateRange=custom&startdt=2022-11-03&enddt=2023-11-03,,
TBD-30,SPECIFIC,789019,2022-11-03,2023-11-03,"""open source""",https://efts.sec.gov/LATEST/search-index?q=%22open%20source%22&forms=8-K%2C10-K%2C10-Q&ciks=0000789019&dateRange=custom&startdt=2022-11-03&enddt=2023-11-03,,
TBD-30,SPECIFIC,789019,2022-11-03,2023-11-03,"""litigation""",https://efts.sec.gov/LATEST/search-index?q=%22litigation%22&forms=8-K%2C10-K%2C10-Q&ciks=0000789019&dateRange=custom&startdt=2022-11-03&enddt=2023-11-03,,
TBD-30,GENERIC,789019,2022-11-03,2023-11-03,"""artificial intelligence"" OR ""machine learning"" OR ""algorithm"" OR ""automated decision"" OR ""AI system"" OR ""model risk""",https://efts.sec.gov/LATEST/search-index?q=%22artificial%20intelligence%22%20OR%20%22machine%20learning%22%20OR%20%22algorithm%22%20OR%20%22automated%20decision%22%20OR%20%22AI%20system%22%20OR%20%22model%20risk%22&forms=8-K%2C10-K%2C10-Q&ciks=0000789019&dateRange=custom&startdt=2022-11-03&enddt=2023-11-03,,
