slug,incident_count
storm-1516,8
donald-trump,7
john-mark-dougan,6
storm-1679,5
matryoshka,5
brouteurs,4
operation-overload,4
spamouflage,3
elon-musk,3
nypd,3
boston-dynamics,2
murat-ayfer,2
spamouflage-dragon,2
eliot-higgins,2
home-office,2
unit-8200,2
the-indian-deepfaker,2
copycop,2
organized-crime-groups,2
valery-korovin,2
doppelganger,2
west-new-york-pd,2
yang-moumou,2
pro-trump-social-media-accounts,2
univers-inspirant,2
faikast,2
united-states-border-patrol,2
keith-edwards,2
united-states-customs-and-border-protection,2
white-house,2
moltbook,2
openclaw,2
marc-dean,2
educational-communities,2
pro-se-litigants,2
